Id,ORGANIZATION,NAME,GENDER,SPECIALITY,ADDRESS,CITY,STATE,ZIP,LAT,LON,ENCOUNTERS,PROCEDURES
098e5f3a-5e18-35e3-a89b-07d417d6a0f3,74ab949d-17ac-3309-83a0-13b4405c66aa,Gabriel934 Reilly981,F,GENERAL PRACTICE,881 Main Street,Fitchburg,MA,01420,42.586487,-71.80521,177,0
429352ac-e3dc-3e36-b42f-2b2da16b5e36,588f6ce6-b8db-3588-8189-29db2680a313,Gilberto712 Valdés907,M,GENERAL PRACTICE,461 WALNUT AVE,JAMAICA PLAIN,MA,021302331,42.311587599999996,-71.09800136347226,70,0
b46becf0-e8cf-3a6a-9f80-a5f2ceda63f4,faffaf6a-ee1a-3673-b0b0-421a9c249244,Gustavo235 Armstrong51,M,GENERAL PRACTICE,66 WASHINGTON ST,STOUGHTON,MA,020722571,42.14415820061801,-71.10378319512402,60,0
1bb08d6d-21f1-392a-b40f-ae3f961124ab,e09d4c49-c2ef-3b0f-9a46-3719d9219306,Manuel446 Maldonado119,M,GENERAL PRACTICE,60 HOSPITAL RD,LEOMINSTER,MA,014533290,42.54031915,-71.76312990486304,9,0
793f2796-a2e1-3ada-be9e-09e6a3bde203,c241b977-4131-32e4-9957-e0a00b2a1e5f,Kip442 Krajcik437,M,GENERAL PRACTICE,94 MAIN STREET,HYANNIS,MA,026013146,41.6562802,-70.27448000204822,23,0
621ca0ae-c6ad-307d-b3e0-91fd4a9a0067,ef5390b4-cba5-3d83-96db-af783a7adb43,Evan94 Anderson154,F,GENERAL PRACTICE,360 MERRIMACK ST,MALDEN,MA,021482329,42.4250964,-71.066163,1,0
bcac0d72-a66b-3f0f-a0c8-368073935d05,aa682136-a4df-3942-9f50-e6fcee6c0b73,Precious140 Runolfsson901,F,GENERAL PRACTICE,501 CORDWAINER DRIVE,NORWELL,MA,020611630,42.1647071,-70.88149077838713,1,0
decc03bb-c45d-394d-ac85-1a0e50b89b5f,2936ca90-6594-357d-be14-53fe0ab84dd1,Avis183 Ankunding277,F,GENERAL PRACTICE,11 TREMONT ST,KINGSTON,MA,023641231,42.00823215,-70.72984043580247,54,0
fa2f97a9-a146-3a1b-90ad-1b1e2cffbf6b,ab701a70-a658-340e-8f69-ee196a7d40c6,Eduardo902 Villegas15,M,GENERAL PRACTICE,484 RTE 134,WORCESTER,MA,016071728,42.2625621,-71.8018877,2,0
281b0011-b412-30da-a5fb-a8628f5a22e4,dcbd0460-9bcf-3e7d-a923-1d22bcc5a9bd,Salvador46 Dooley940,M,GENERAL PRACTICE,279 DALTON AVENUE  SUITE B,PITTSFIELD,MA,012013500,42.4606344,-73.22185917597403,14,0
ec9d292d-870e-3ed8-b267-42cdaffc07e1,52ecddd8-42f6-35cc-88a5-cf474c02fb49,Cecil300 Fahey393,M,GENERAL PRACTICE,94 OBERY STREET,PLYMOUTH,MA,023602130,41.93725,-70.65503160208334,3,0
32d1f7c1-e18c-3b86-9ba2-8511b93ba721,babdf8a0-20ba-39e9-8e07-de3394e4f677,Julio255 Bins636,M,GENERAL PRACTICE,113 LOW ST,NEWBURYPORT,MA,019503540,42.809757,-70.89152,3,0
4bb5c022-7f8e-3213-9817-7abac1bbf79d,39104cad-5228-3e07-9b3e-3ad736b33d5d,Hilda552 Muller251,F,GENERAL PRACTICE,200 PROVIDENCE HWY,DEDHAM,MA,020261881,42.22214545274341,-71.18159060546684,41,0
ac096d73-9bca-3cd2-8d84-bab563878dd9,1311c44a-85cb-3aea-a143-e5d7892ced8b,Rudolf736 Reinger292,M,GENERAL PRACTICE,300 KENSINGTON AVE,SPRINGFIELD,MA,011071139,42.091896,-72.559437,36,0
d41c0ab4-14c0-38b3-bcc1-4c4ebabc3a4f,667b46fe-0afa-3f70-a311-bbe3d52db050,Joshua658 Borer986,M,GENERAL PRACTICE,757 BOSTON POST RD,WORCESTER,MA,016071728,42.231371,-72.165386,206,0
55c5622b-ba32-368e-9050-f512c03e0ff9,a4af40b8-0ddb-34bb-ae4a-95a17e9ad6f3,Cristopher265 Heaney114,M,GENERAL PRACTICE,100 MYLES STANDISH BOULEVARD  SUITE 103,TAUNTON,MA,027807340,41.948930849999996,-71.14141318475193,12,0
f3aaaa88-77ac-3d69-ace7-75ca88168343,f945589f-88aa-366b-9e9d-2418d091112d,Azzie965 Ziemann98,F,GENERAL PRACTICE,105 ERDMAN WAY,LEOMINSTER,MA,014531805,42.54685255,-71.75737313871981,16,0
79841b8e-e0ea-3ec7-bcf9-cb3604f11efa,dd913783-9448-36f9-816d-37199011617b,Murray856 Corkery305,M,GENERAL PRACTICE,7 HARVARD ST STE 220,BROOKLINE,MA,024457979,42.333476142857144,-71.11868571428572,29,0
9ca56c52-3c80-3adf-9dea-79718e34303f,bdc3ee76-9cf3-316d-b202-a8da1ea3fa20,Harland508 Rippin620,M,GENERAL PRACTICE,130 RUMFORD AVENUE  SUITE 211,AUBURNDALE,MA,024661370,42.35853505,-71.24125521214887,7,0
1cf56036-0c3b-37a9-89d7-45c8b0c09ee0,5d4da50c-8593-304f-b266-57d8f7d634a2,Hugh686 Klein929,M,GENERAL PRACTICE,250 SHEARER ST,PALMER,MA,010691428,42.168634600000004,-72.33353526811578,3,0
ee02a017-76ee-3062-bfc1-56218b36c524,5fcff9db-16e4-3e56-aa78-abbc16338097,Marcus77 Schamberger479,M,GENERAL PRACTICE,295 VARNUM AVE,WESTFORD,MA,018863513,42.5792583,-71.4378411,127,0
60b98cab-a19f-35f1-beb9-beffb5e8bdfa,fa09396a-2926-3b21-ad0c-9f6cabbce0eb,Moshe758 Bartoletti50,M,GENERAL PRACTICE,1210 BOSTON PROVIDENCE TPKE,NORWOOD,MA,020625061,42.1714075,-71.1951186,1,0
8e8c2f4d-1828-32e5-90b6-b3c4b0a995b5,1ddd51d1-7297-3c3b-bad5-98aecd5e4a79,Dinah304 Kub800,F,GENERAL PRACTICE,127 CAMBRIDGE STREET  SUTIE #2B,BURLINGTON,MA,018033735,42.50188325,-71.19559351572005,11,0
25086588-caa6-37db-8a20-98bdd880858b,93c3d861-e05d-33b9-91eb-1768470229d7,Phoebe31 Thiel172,F,GENERAL PRACTICE,10 CENTENNIAL DR,PEABODY,MA,019607938,42.5261827,-70.9529896,30,0
182a8792-cefe-3319-afd8-a452ea0d855d,2e1eaaf1-ebb0-332c-8921-f48e15b91879,Tambra47 Nolan344,F,GENERAL PRACTICE,2 SEAPORT DRIVE,QUINCY,MA,021711599,42.29287335,-71.03019020136307,14,0
955c9082-b3aa-34d6-8292-0bd5b76e66c8,b66db758-a205-3227-9cfb-bf19d2c1962d,Noreen211 Stroman228,F,GENERAL PRACTICE,121 HARVARD AVENUE  2ND FL,ALLSTON,MA,021342702,42.35241825,-71.13220132573996,3,0
dffa51b9-534e-3176-87ca-f2897d4ace7f,b99b7849-2b53-33fb-8ce2-e3a95f17ae51,Diego848 Pouros728,M,GENERAL PRACTICE,910 BOSTON POST ROAD SUITE 320,MARLBOROUGH,MA,017523761,42.355106,-71.47654,4,0
6f817142-bb3f-3916-b73f-f59cdaf0f609,f6a306cf-7bd6-35f4-a6b7-2d07d273914c,Ariel183 Von197,M,GENERAL PRACTICE,63 FOUNTAIN ST STE 402,FRAMINGHAM,MA,017026280,42.27595495,-71.42631150114194,49,0
05471c42-5001-30d0-a6e2-5880757f0421,0ddb0329-b59d-3187-874c-602c649249c8,Carmen818 Lebrón484,F,GENERAL PRACTICE,115 W SILVER ST,WESTFIELD,MA,010853678,42.1178811,-72.75935246865802,1,0
a2f2869f-a569-3024-bb8c-0f0239c73ec6,609ec9f1-e806-3427-b912-9e3b2915521d,Terence292 Conn188,M,GENERAL PRACTICE,575 BEECH STREET,HOLYOKE,MA,010406604,42.20105435,-72.628169560868,10,0
11590276-7403-3cc2-ac12-21121820fdd9,2b84e56e-08b4-3078-b3ea-4d159208e065,Barton704 Bahringer146,M,GENERAL PRACTICE,1029 PLEASANT ST,BRIDGEWATER,MA,023242301,41.9718173,-71.00937893001648,126,0
d5b7ea9b-ff7d-3c21-9ad8-20ea8c8dab4b,7b9a19b2-d900-3f93-a47b-4b88491fb57b,Francis500 Witting912,M,GENERAL PRACTICE,308 KINGSTOWN WAY,DUXBURY,MA,023324647,42.030389650000004,-70.73959947632582,1,0
c282d003-254d-36a6-9236-f240a5a41d56,4ffa4412-1493-3beb-b8f0-6614dde953a4,Sulema841 Ryan260,F,GENERAL PRACTICE,363 HIGHLAND AVENUE,WAREHAM,MA,025715011,41.745636,-70.658192,83,0
b770abb8-addd-3fb5-a312-043472edf564,a14e698d-a9ba-3eae-9c8b-682ec726433d,Brian582 Cummerata161,M,GENERAL PRACTICE,776 WESTERN AVE,LYNN,MA,019052408,42.466763,-70.9494939,12,0
624f849b-c5e1-3e5e-a8e7-d258d4328b5d,d4b9a3f0-210d-3e46-a2c7-e099658ac543,Ferdinand55 Moen819,M,GENERAL PRACTICE,7000 GREAT MEADOW ROAD,DEDHAM,MA,020264090,42.266408549999994,-71.19518435636284,6,0
6b06b8fe-d2bd-3bd4-bb52-57dcd332508c,5ba6765a-f335-36b0-9c6a-6bb494c5330d,Clemente531 Schamberger479,M,GENERAL PRACTICE,31 OLD ROUTE 7,WESTWOOD,MA,020902333,42.2139873,-71.2244987,1,0
769fe5e2-02b1-3b63-9439-9e8ed47e4ed8,b6eeaaf7-1683-3bcb-b6ee-81ce304636ef,Ariane992 Pagac496,F,GENERAL PRACTICE,170 GOVERNORS AVE,MELROSE,MA,021763225,42.4564323,-71.064182,76,0
b89bfc28-4ce9-3660-905a-a94d9a527287,14932db8-e179-331d-98ad-dc1c352cb6d3,Wm806 Barrows492,M,GENERAL PRACTICE,743 MAIN ST,MELROSE,MA,021762707,42.460108950000006,-71.06216841036309,2,0
49b2554d-29cf-39fb-95ad-41fa345e9ffb,d613e441-68e8-3502-8adb-3f770a1276bf,Emmaline88 Witting912,F,GENERAL PRACTICE,114 WATER ST,MILFORD,MA,017573007,42.13661855,-71.53474614336832,32,0
595d84b3-fd0a-3000-b1d5-d65c1cc11b2d,de29a374-221b-3cb4-8051-a02c1a35e5b7,Morgan564 Marvin195,M,GENERAL PRACTICE,562 WASHINGTON ST,SOUTH ATTLEBORO,MA,027036942,41.912892049999996,-71.36135809627689,140,0
93c74617-513b-3821-b1c1-78d7fee177d7,b03b624d-c939-3688-986d-9555b8009a3b,Trinity427 Hartmann983,F,GENERAL PRACTICE,230 MAPLE ST,HOLYOKE,MA,010405144,42.207406,-72.608419,57,0
9f795518-5f3c-3023-a180-9635d2fc4b15,ea153d0a-9ccc-3769-9a25-934b417071b7,Adam631 Towne435,M,GENERAL PRACTICE,463 WORCESTER RD,FRAMINGHAM,MA,017015354,42.3095704,-71.4413097,48,0
c7fc18b7-00b6-3ed7-949e-4ef6a869b768,d3085315-9893-34c7-8889-3a31dc17c2b0,Ethyl508 Rau926,F,GENERAL PRACTICE,1428 MAIN ST STE 7,WALPOLE,MA,020811729,42.1325911,-71.2618886,39,0
7f0b3993-f6de-3847-9051-eaa0fdc5e2ae,469171e3-f6ec-3258-8e16-7038f6a439c0,Mireille557 Brakus656,F,GENERAL PRACTICE,COUNTRYSIDE DRIVE,MILFORD,MA,017571252,42.1413353,-71.5192019,24,0
46264906-7731-3535-b186-f6c59bfeb358,18061fd5-fda8-3e2d-87f0-0f3c87211bcc,Margarite168 Koepp521,F,GENERAL PRACTICE,1493 CAMBRIDGE ST,SOMERVILLE,MA,021431408,42.3875968,-71.0994968,26,0
d60471af-c70b-3629-a0aa-35ff320107e8,76281d34-caff-30e0-8545-bcdf33182109,Jane262 Schmeler639,F,GENERAL PRACTICE,500 WILBUR AVENUE,SOMERSET,MA,027252051,41.72075205,-71.16843052114558,24,0
6197da68-09cb-3671-8955-c69ef0cc1a30,545dcda5-7471-374e-9251-b4b685197d3c,Lezlie553 Koss676,F,GENERAL PRACTICE,175 CONNORS STREET,GARDNER,MA,014402637,42.5730593,-71.99713285,61,0
720013e8-eb8b-3f7c-b1bb-70e633dcaa0a,6cf8a214-8d57-3267-85e5-7719e15cd63e,Cindie288 Zulauf375,F,GENERAL PRACTICE,170 MORTON STREET,JAMAICA PLAIN,MA,021303735,42.299067750000006,-71.10124351911541,215,0
48d1c9fd-281d-3ae7-ba1a-f054d3e0b69e,13161e5b-02d2-3d19-8b48-26ef0becfc83,Janet238 Crooks415,F,GENERAL PRACTICE,165 CAPTAIN'S ROW,CHELSEA,MA,021504019,42.3917638,-71.0328284,1,0
c08d6055-51c0-3226-bfb8-27cb6ecbcfba,2fd34be1-9720-3dad-b8bd-815e173b92fb,Nikki942 Orn563,F,GENERAL PRACTICE,87 HERRICK ST,BEVERLY,MA,019152773,42.56523335,-70.87472842494441,1,0
146b466a-b563-351f-9ff4-37d177b914af,0fedae9f-701f-3317-9b2f-69aea2202cdc,Sharron285 Batz141,F,GENERAL PRACTICE,88 EAST NEWTON STREET,WINTHROP,MA,021522715,42.3750976,-70.982827,128,0
9dbcac96-7f07-3104-83fd-082c23e8fc61,0cc04ba5-137a-3ef8-acda-e79b25960b2a,Bernardo699 Homenick806,M,GENERAL PRACTICE,25 ADAMS ROAD,WILLIAMSTOWN,MA,012672928,42.7009605,-73.18515951851253,4,0
cdddb081-57be-3ef4-b686-63fe0372bbb5,aade280a-3b90-3e48-9648-91109a964a63,Josef103 Klein929,M,GENERAL PRACTICE,909 SUMNER ST,DARTMOUTH,MA,027473826,41.6332267,-70.9879928,174,0
01435d35-26a5-3dfd-9cf8-b98ad7b95dc2,6adc9d34-9b73-3285-abb7-56e567f1ba26,Candy565 Wunsch504,F,GENERAL PRACTICE,271 NAHANT RD,NAHANT,MA,019081341,42.42554385,-70.91995214383596,1,0
04b4a26c-d5b3-3edb-8a5a-0e0a0733889f,981338c4-287c-3621-bc45-8b0b9f1b8922,Denis399 Kohler843,M,GENERAL PRACTICE,640 BOLTON ST,MARLBOROUGH,MA,017523999,42.3658183,-71.55914630258509,107,0
c3e21afe-cd30-3573-960f-9004c3559481,e59fb2d5-508c-38c6-af2e-21d8216dd2b0,Nicholle822 Fisher429,F,GENERAL PRACTICE,759 CHESTNUT ST,WARE,MA,010821625,42.256476,-72.237482,306,0
7243b690-affb-39ac-815f-065b16b72ab6,7a3b8310-02eb-3c47-aa1b-3f55b3ed9de9,Leif534 Dare640,M,GENERAL PRACTICE,6 HATFIELD ST,NORTHAMPTON,MA,010602545,42.333172950000005,-72.6566355591273,6,0
68d9877a-1d31-3297-8c81-60ce8fce7085,440fa4b8-c731-3cf5-81d9-aa3f30a37b95,Joanna347 Abbott774,F,GENERAL PRACTICE,41 & 45 MALL ROAD,PEABODY,MA,019602901,42.5278731,-70.9286609,60,0
5279e90c-5edd-3912-8587-a91dc8c990e0,0fab3c4e-a028-39a6-b15a-be5a88b6aa2a,Miyoko154 Paucek755,F,GENERAL PRACTICE,222 STATE STREET,LUDLOW,MA,010563437,42.15547415,-72.47222226666076,369,0
489ce52e-ada3-35e9-af75-fa3091d0ed29,3b021cb6-4745-3d9d-8436-230055f770bd,Dusty207 Franecki195,M,GENERAL PRACTICE,148 CHESTNUT ST,NEEDHAM,MA,024943238,42.27728075,-71.23665362814043,259,0
92c79c57-0931-3a2f-80a1-98d81ea0ff9b,aaa7ebaf-b1a0-38c1-ba89-a16712cf431c,Violette536 Halvorson124,F,GENERAL PRACTICE,16 PLEASANT STREET,BRIDGEWATER,MA,023242420,41.98625885,-70.97978204646246,3,0
2b120dde-b306-3825-8eac-125eaa8057f6,36705572-6b8a-337d-9d01-be1087ce4650,Valentine262 Corwin846,M,GENERAL PRACTICE,233 WINTHROP ST,TAUNTON,MA,027804428,41.89112605,-71.11254102062864,32,0
d9a7989c-9b2f-3703-9615-a89bcc0b8c65,e9a24be5-b0a3-3fd2-a606-dd13498024ea,Darwin703 O'Hara248,M,GENERAL PRACTICE,85 E MAIN ST STE A,NORTON,MA,027662307,41.971697,-71.17689334021827,41,0
166404fc-04ad-36ef-8f32-38c84536cb8f,b20a0fe1-53b3-33fc-8acb-bc9a2df64e57,Michaele314 Schoen8,F,GENERAL PRACTICE,3 PATTERSON ROAD  SUITE 3,SHIRLEY,MA,014642907,42.552462649999995,-71.62383665745185,2,0
fecd08ac-9348-3cfb-a5a5-24b123c80d34,00ffb204-07b4-3c72-a678-fa252e6cf86c,Kathlene786 Satterfield305,F,GENERAL PRACTICE,450 BEDFORD ST,LEXINGTON,MA,02420,42.47370735,-71.25090005,35,0
929c72b6-0615-360f-b7d0-8278bc763307,ad82d624-72eb-3c7d-a76d-79f2668d1390,Mathew182 Howe413,M,GENERAL PRACTICE,3 WOODLAND RD,STONEHAM,MA,021801711,42.452443099999996,-71.08939988105112,31,0
f0b819d8-57a7-3bc6-92d5-948adb746a97,b8421363-9807-3b16-a146-95336eea5cfb,Cleveland582 Kuphal363,M,GENERAL PRACTICE,30 LOCUST ST,NORTHAMPTON,MA,010602052,42.33032115,-72.65330802608176,1098,0
44101320-406a-38c4-952f-c06da88bbcb9,3498e7d3-90fd-366b-bc6a-6f41dad6bae6,Pat3 Bradtke547,M,GENERAL PRACTICE,112 WEST MAIN STREET,NORTHBOROUGH,MA,015321824,42.318559050000005,-71.65097281611972,2,0
31860361-58e0-3387-906d-4d32a840684f,24460683-f514-37ef-98c1-724b2fc9aa2a,Simonne139 Wilderman619,F,GENERAL PRACTICE,60 HODGES AVE,TAUNTON,MA,027803034,41.91158935,-71.10129620180315,178,0
1ac9e127-a76d-3a3b-9a86-601cc9942b7d,3076e02a-deac-3e81-96a9-1d32cbda6fca,Esteban536 Muro989,M,GENERAL PRACTICE,59 EASTWOOD CIRCLE,GARDNER,MA,014403901,42.567006649999996,-71.97817904424542,77,0
e9a348ec-8f5a-3b9e-8600-e4a9c3016d63,fbd4ccdf-2fdb-3652-9bbe-1ccff886bd34,Alejandra902 Adame662,F,GENERAL PRACTICE,320 CENTRAL STREET  UNIT A2,SAUGUS,MA,019062372,42.4632069,-71.0093761,67,0
e23d9acc-f570-383f-b2b3-c84507d42347,901c2d40-1ca3-3879-9a20-c663b8adc0a9,Emory494 Schuster709,M,GENERAL PRACTICE,800 WASHINGTON STREET,STONEHAM,MA,021802445,42.4863168,-71.0928919,63,0
5f2b725a-6c90-3b1b-85c2-b46e2a5901b7,6170552c-4d27-3e64-8068-64a380f1837d,Leo278 Pacocha935,M,GENERAL PRACTICE,76 SUMMER ST,HAVERHILL,MA,018305814,42.7786873,-71.07306505177553,57,0
1a2fc3f1-9744-3f91-b106-642a0a030484,e6cc6043-299a-3581-8f6b-b3b5d62c46ae,Fritz267 Farrell962,M,GENERAL PRACTICE,532 SUMNER AVE,SPRINGFIELD,MA,011082458,42.08631583333334,-72.55792579166666,94,0
76bfeecc-77b0-388f-93bc-c6296f39f97d,b9e35b8a-9831-32d8-a6dc-d7a546c126b0,Domenic627 Blick895,M,GENERAL PRACTICE,111 HUNTOON MEMORIAL HIGHWAY  1ST FLOOR,SPRINGFIELD,MA,011092550,42.1018764,-72.5886727,32,0
69d8fa0c-eb77-3c0c-ac67-dd9578790b57,22249c0a-8ce9-3726-a3bb-b037c773ce5c,Leah288 Sauer652,F,GENERAL PRACTICE,337 NEPONSET AVENUE,DORCHESTER,MA,021223103,42.2875144,-71.0470691675753,2,0
12e3fb56-940c-3817-8945-831e00dea3a4,7a75decf-7d3f-3b0d-8c2b-3abf0a8c7f58,Olin642 Kulas532,M,GENERAL PRACTICE,169 LIBERTY ST,MIDDLETON,MA,019491003,42.615226050000004,-71.0144865346162,45,0
8d38c58c-8f26-3691-858c-269ac31fcbce,38508743-50d1-3429-8fe2-37e42ddaf20e,Marth98 Mayer370,F,GENERAL PRACTICE,164 HIGH ST,GREENFIELD,MA,013012778,42.595268700000005,-72.59288632376354,28,0
bc421293-82e3-3c24-a672-7ecffdc5c2bf,2f735290-1603-31b5-b561-7c8e0d413170,Jolynn62 Adams676,F,GENERAL PRACTICE,100 FOXBOROUGH BLVD STE 230,FOXBOROUGH,MA,020352878,42.041851949999995,-71.23486657070565,37,0
e7c12053-329e-3d44-a790-69fb3b82b9b5,e1818b21-4458-3b9c-b2b8-7ed6f57ae078,Sid118 Wilderman619,M,GENERAL PRACTICE,2399 BOSTON ROAD,WILBRAHAM,MA,010951185,42.14668485,-72.45048427046072,31,0
6b82e854-c97d-30df-9d06-8bf80b1787f2,200746fc-5d0f-3ec7-a2a9-3d9a219ee139,Arlen68 Rippin620,M,GENERAL PRACTICE,800 CUMMINGS PARK  SUITE 3100,WOBURN,MA,018016355,42.4977745,-71.1237712,10,0
f6d4a36a-d231-35c0-b2a1-3d68b211a06f,dd3307db-114c-3f11-be44-a9eef6bb3fc5,Francis500 Ratke343,M,GENERAL PRACTICE,269 UNION STREET,LYNN,MA,019011201,42.4652772,-70.94362420273097,69,0
3593a35a-4050-326e-b7b8-6e70ce146a36,5018c664-e283-30eb-932a-529d9a19b3b5,Numbers230 Stehr398,M,GENERAL PRACTICE,300 SOUTH ST,WOBURN,MA,018014979,42.473347,-71.144086,809,0
433113ac-06ce-3031-ab62-96b719e2fb32,5ba77f2c-8ce5-3dde-bb46-3ffcceb3bfbf,Isidra572 Quitzon246,F,GENERAL PRACTICE,188 FLORENCE ST,CHESTNUT HILL,MA,024672641,42.31835025,-71.17401686317635,2,0
43ec85f6-8a18-3967-be56-94a7e7b16807,d140ed3f-2696-3e78-bd77-1c959ec4fc4d,Orpha286 Marks830,F,GENERAL PRACTICE,863 HATHAWAY ROAD,NEW BEDFORD,MA,027401916,41.6512968,-70.9669902070805,15,0
f3771278-ebda-3ebf-9808-3e9e940be3de,1cff30ba-b91f-3ea2-b80b-770d67856358,Duncan491 Halvorson124,M,GENERAL PRACTICE,359 JONES RD,FALMOUTH,MA,025403341,41.5591273,-70.60352436630029,3,0
2548db1d-4efd-3393-8c0a-8b4ecaf6cf23,d4e48a16-0a60-3e90-81e5-c35b22ffe6af,Bertram873 Kutch271,M,GENERAL PRACTICE,856 STATE RD,NORTH ADAMS,MA,012473027,42.69967208677275,-73.16330754755236,4,0
8fa68173-33cd-33fc-a8d2-6d4c6dbe491a,b53dc1b7-43b0-3c43-a73f-304165633a59,Junior695 Leffler128,M,GENERAL PRACTICE,63 MAIN ST,HYANNIS,MA,026013202,41.6562005,-70.27336188244256,53,0
1bed5798-9975-3e25-bb16-06400eda7d37,39c15c0f-5c49-311e-99d2-1fb99d80e06e,José Luis472 Alemán808,M,GENERAL PRACTICE,398 NEPONSET AVE,DORCHESTER,MA,021223134,42.286764399999996,-71.04402811508834,58,0
33fa7dae-e5d1-30c5-ab2b-0c524d948f03,8f22037a-070f-3fcf-8f39-fa879f0ae107,Ina660 Hermann103,F,GENERAL PRACTICE,567 DARTMOUTH ST,S DARTMOUTH,MA,027481826,41.61112,-70.93937914285715,1,0
37927d83-a636-3ac5-ac52-456a21d209c5,bccd7d67-203c-3d93-b6b0-bff5a146cd1d,Florencia449 Araña824,F,GENERAL PRACTICE,286 WASHINGTON ST,STOUGHTON,MA,020721763,42.1384306,-71.1022598,63,0
ac5b5263-130a-3796-97a5-c14aa988dc5c,63cb4d95-04a9-3a35-b5d9-f89e0377a48d,Chu728 Weber641,F,GENERAL PRACTICE,211 PARK ST,ATTLEBORO,MA,027033143,41.9419187,-71.2752081695297,287,0
df8f09da-ba26-37b3-8c29-b5f007c0a36b,263d1b03-1560-3fc3-b93d-c33a0cbd5837,Clemente531 Treutel973,M,GENERAL PRACTICE,10 RIVERSIDE DRIVE  STE 201,LAKEVILLE,MA,023471689,41.8771119,-70.92344635,1,0
26924c98-98e0-3ed0-a70e-914dd3084630,32741060-a632-36de-907b-3c21caacf07a,Eliana466 Wehner319,F,GENERAL PRACTICE,455 BRAYTON AVE,SOMERSET,MA,027262642,41.7294555,-71.16190171707717,4,0
524b0d47-df6a-372e-b893-0d453df62938,844a8cb2-4164-35b2-88b8-dffa2889a738,Alonzo487 Conn188,M,GENERAL PRACTICE,150 UNIVERSITY DRIVE,AMHERST,MA,010022232,42.368937,-72.53247107203978,23,0
75e41200-77f6-34ff-a5f3-fdf10eb6527b,9d0e702d-50a0-3f4c-9126-0951d560fd4b,Otha286 Roberts511,M,GENERAL PRACTICE,189 MAY ST,WORCESTER,MA,016024339,42.25986305,-71.83597786023279,152,0
57a743ba-f888-31e0-aee3-85f1233a2d67,f0e3e152-0b08-3819-b962-b043f63f6dc1,Manuela585 Rippin620,F,GENERAL PRACTICE,1010 VARNUM AVENUE,LOWELL,MA,018541915,42.6422606,-71.36626685573418,15,0
18f3fec8-c398-3f5e-a40f-0e88ce629729,81b1ef2b-8d3c-3923-859d-ae56099e037a,Maryrose226 Bradtke547,F,GENERAL PRACTICE,19 VARNUM STREET,LOWELL,MA,018502132,42.6520846,-71.29979019978185,3,0
5762bc09-ac8c-33ad-a480-a4aabec47e31,c7542447-e06e-32cb-b6db-243c23a0dbc2,Chantell995 Krajcik437,F,GENERAL PRACTICE,30 WARREN ST,BOSTON,MA,021353602,42.3501483,-71.14393324457691,24,0
bd38f6d1-f5f3-33eb-a8b1-f447b52f7c70,a4b91172-69e7-3895-bd89-b9a0868de5c2,Shanita956 Wolff180,F,GENERAL PRACTICE,651 ORCHARD ST,NEW BEDFORD,MA,027441052,41.6149879,-70.93113851963673,66,0
f6caf91c-4f50-33fc-9016-45f8ab1b8b4c,72f50aa0-d8c9-34dc-ac58-c428323f3bcd,Ricky354 Little434,M,GENERAL PRACTICE,55 FRUIT ST,BOSTON,MA,021142696,42.36286045,-71.06875296664998,39,0
0fd7575b-8291-37ec-a643-5a5725a89037,ca8a919a-05f9-3687-bfb6-42800a70031e,Josue598 Flatley871,M,GENERAL PRACTICE,6111 OAK TREE BLVD STE 301,FRAMINGHAM,MA,017014613,42.3095704,-71.4413097,31,0
4d95436e-536d-3401-97ae-d7b1eba6a525,eee00932-ca82-36bc-b7e8-e3fff6dbaeaa,Leif534 Hane680,M,GENERAL PRACTICE,450 BROOKLINE AVE,WEYMOUTH,MA,021893141,42.2212188,-70.9391625,57,0
2294364e-4520-3339-9635-5b678ea6ad56,50c7f768-9138-3dae-a67d-953bdf9ad754,Glenn0 Bogisich202,M,GENERAL PRACTICE,125 COUNTY STREET,TAUNTON,MA,027803561,41.8960599,-71.07799243944345,19,0
d91a8077-e3ee-31d8-92f7-b2d67237f30e,a194e94a-dd16-347e-95ea-8d00052c14d1,Elvera717 Gusikowski974,F,GENERAL PRACTICE,833 MAIN ST,S YARMOUTH,MA,026645254,41.65171785,-70.21464095380932,28,0
acd199b2-5eb4-364d-a1b2-8ed2bed8a9b3,be509ccb-bfb7-3b87-8945-8426b689ef9d,Chong355 Balistreri607,F,GENERAL PRACTICE,2049 DORCHESTER AVENUE,BOSTON,MA,021244742,42.3554334,-71.060511,4,0
9d57c62c-08d6-3b41-9fb4-31ad1827e94a,065eba51-cef7-3976-8654-ba8e7df887ce,Traci329 Block661,F,GENERAL PRACTICE,1165 NORTH PLEASANT STREET,AMHERST,MA,01002,42.40927615,-72.52971238527101,1,0
8701c49c-2996-396f-954f-38602d92f24c,73c7eaf8-f8b3-383f-b3e1-4d8ff5ca255d,Nicki254 Bartell116,F,GENERAL PRACTICE,161 FALMOUTH RD,MASHPEE,MA,026492662,41.6314877,-70.46769809885944,1,0
a36768f1-8008-3409-a5b3-589cda060989,6873525f-1680-3ceb-b536-270d44b46e2e,Lai148 Nicolas769,F,GENERAL PRACTICE,500 COLUMBIA RD,DORCHESTER,MA,021252322,42.3147979,-71.067633,64,0
7947ed73-661e-387b-a1e2-103c323603f1,f8918a95-31e8-3ac4-8d12-29ca6080ebda,Domitila545 Vandervort697,F,GENERAL PRACTICE,199 REEDSDALE RD,MILTON,MA,021863926,42.251368299999996,-71.0768393856917,12,0
374b419b-c593-3273-aef7-4f45f1d1cbfc,8d5880eb-1dd8-31ea-b7c5-21709f3bb341,Jared66 Satterfield305,M,GENERAL PRACTICE,50 ROWE ST,MELROSE,MA,021763201,42.4592093,-71.06078096379728,75,0
302ef088-008b-3288-b552-2f4ecd51e793,fd650ebc-a642-3818-b073-692473cd31f1,Tobias236 Kris249,M,GENERAL PRACTICE,900 CUMMING CENTER,BEVERLY,MA,019156181,42.5584284,-70.8800491,22,0
c0d49846-3a4b-37ab-888c-a81b82681c14,3ff0f58b-7a1f-3334-9449-ff15f68b7d86,Crystle668 McCullough561,F,GENERAL PRACTICE,275 SANDWICH ST,PLYMOUTH,MA,023607761,41.94186605,-70.6455366462985,10,0
35058f04-c6c9-3dc9-8d30-a376a316c541,70e3ad4f-b9ff-3f3e-9990-2cd7e23a9d1c,Tambra47 Bosco882,F,GENERAL PRACTICE,1238 RIVERDALE ST,WEST SPRINGFIELD,MA,010894675,42.1373438,-72.62624707492338,9,0
373f37db-ed18-3f1a-81c8-aba9794a2b93,09434cf4-ae0d-32ad-bc16-5ce7b0e5c12b,Tomás404 Bonilla161,M,GENERAL PRACTICE,1041L Pearl St.,Brockton,MA,02301,42.055134,-71.06661,107,0
e80ee196-b6b4-369d-a7a1-8ce43db412ce,9cfdd210-a2ed-34d6-9381-2f5d999011ca,Warren653 Beier427,M,GENERAL PRACTICE,21 HIGHLAND AVE,NEWBURYPORT,MA,019503873,42.814341671166744,-70.88998002772408,39,0
9c8f2808-0135-32bf-94a5-751a446023a7,a6964d47-8af0-3df2-b99d-d8414eb1cfa3,Adrienne302 Schiller186,F,GENERAL PRACTICE,200 MAY ST,SOUTH ATTLEBORO,MA,027035520,41.924394750000005,-71.36076410900014,257,0
243add8d-e9a5-3d50-b6eb-d9dbff6c3035,a7b047dd-186a-32de-8187-b0853c05aed6,Melida518 Mayert710,F,GENERAL PRACTICE,180 LOW STREET,NEWBURYPORT,MA,019503519,42.815683050000004,-70.89666045994463,14,0
5e58da37-91ef-338e-9315-b0c79499b579,b7488009-cd48-3a0d-87c4-6c47d1ceb3c8,Raymundo71 Hayes766,M,GENERAL PRACTICE,95 COMMERCIAL STREET,BRAINTREE,MA,021844301,42.22110375,-70.97097247044559,3,0
ba4ff418-e027-33b0-a5f9-6ef896d9068c,371948e4-733a-33b6-a835-68abefdeb59f,Zachary28 Gleichner915,M,GENERAL PRACTICE,197 ADAMS RD,WILLIAMSTOWN,MA,012672930,42.704126099999996,-73.19043030392987,60,0
8a72d316-06af-3ce5-b76a-ec19c2c8a238,9d989fcf-4ad9-3972-ada3-f275d967781e,Dominic463 Miller503,M,GENERAL PRACTICE,100 TER HEUN DR,SANDWICH,MA,025632377,41.7579043,-70.4968152,47,0
696a4140-d780-3efa-a451-869137d8d012,92d919ab-8380-3fda-a5f1-838e69b819c1,Jarrett354 Gutmann970,M,GENERAL PRACTICE,300 TRADECENTER STE 4750,WOBURN,MA,018017420,42.4994143,-71.161659,21,0
f3303186-007f-3818-ba16-d7214488b24f,87472bc2-7c23-37cc-8355-7f3e88614b6b,Leilani136 Kris249,F,GENERAL PRACTICE,305 MAPLE STREET,EAST LONGMEADOW,MA,010282765,42.059258494749486,-72.53388585052694,18,0
1f8e1de7-1df7-3deb-8f54-9e7871bf3a3e,542185c1-943a-30f4-aba0-0efaa92488a4,Wilbur107 Rau926,M,GENERAL PRACTICE,142 LAKE ST,ARLINGTON,MA,024764738,42.40328885,-71.15140830652837,26,0
d427ca41-b69f-39d5-b5ab-f2a4ffe72643,a2cc09de-c1e2-3126-8c09-d49f95225281,Darnell564 Leannon79,M,GENERAL PRACTICE,300 LONGWOOD AVE,WALTHAM,MA,024532741,42.3756401,-71.2358004,168,0
71baa4d0-edce-385a-88c4-e0eacd25f773,9f2f60a6-87a4-3f45-b753-b63b5b7e9993,Maricruz991 Considine820,F,GENERAL PRACTICE,332 HANOVER STREET,BOSTON,MA,021131901,42.3647421,-71.0536619,36,0
6bc8a45d-7d0a-322f-aad2-4c659a3d9275,44cb1162-a345-3477-8723-c202a3c8cdcd,Jerónimo599 Meraz691,M,GENERAL PRACTICE,73 W MAIN ST,HOPKINTON,MA,017481619,42.21799145,-71.54005509979045,40,0
b163a5ab-412b-377a-999a-5ebbb89efe5c,ab16be57-62ea-39a5-8f7a-ee1285cf6934,Rogelio17 Gibson10,M,GENERAL PRACTICE,115 MILL ST,PETERSHAM,MA,013669503,42.4865962,-72.1893057,655,0
b383733b-0530-3445-bae5-dc18308daeff,f341c366-8313-3790-ab26-d8d27b116ff5,Augustine565 Greenholt190,M,GENERAL PRACTICE,80 LINCOLN STREET,WALTHAM,MA,024535465,42.39322121170625,-71.24104146434591,33,0
e0b16b9d-9767-3ef9-8c4a-f40f2535839e,0519b293-2e92-3eb3-aeef-233da0babc93,Juan88 Friesen796,M,GENERAL PRACTICE,40 PARKHURST ROAD,CHELMSFORD,MA,018241511,42.6198215,-71.36189212971482,352,0
f470ad87-4830-3d22-bc5f-ed9e2d6c8164,a730c5e6-a15f-3e36-8112-8579e507d330,Drew592 Ankunding277,M,GENERAL PRACTICE,28 LORD RD,MARLBOROUGH,MA,017524549,42.34718040987546,-71.57283065352654,29,0
eefdabe2-3d86-321d-877c-4696ea9c5b33,5a6fa8a5-90e2-3f70-bb3e-3d9dd7ad2f96,Josue598 D'Amore443,M,GENERAL PRACTICE,44 NEW LOMBARD RD,CHICOPEE,MA,010204857,42.1678446,-72.54203576723424,1,0
a0f728ee-b5ca-337c-8eb1-0c959f43be6d,70e943de-a18b-3e03-a204-ecca2f01b6d1,Liliana922 Wolf938,F,GENERAL PRACTICE,76 NORTH MAIN STREET,WEST BOYLSTON,MA,015831130,42.393642299999996,-71.79207534741954,3,0
24c04bfc-a3dc-3323-95e2-2aaebcd5f4ea,e69e7cbb-8362-30d1-83f2-3a0c492fe2b1,Isaac321 Kub800,M,GENERAL PRACTICE,110 LONG POND RD,PLYMOUTH,MA,023602642,41.9255829,-70.65514326847389,105,0
96f89fa1-66df-320c-bcf8-12394ec6dd9d,afc661fd-71d9-3fc3-adf2-3fc3b5e8a140,Hyman89 Schmeler639,M,GENERAL PRACTICE,680 CENTRE ST,RAYNHAM,MA,02767,41.9487118,-71.0731008,1160,0
e19f5607-ef9c-359b-91f6-d2a1039354d6,be9a14c1-72a6-3186-b199-fdb070768458,Lisabeth458 Roob72,F,GENERAL PRACTICE,18 FRANCES ST,WOBURN,MA,018013006,42.488288600000004,-71.15015700746171,1,0
3cb7be86-bd4e-3167-b19f-96de2abbb40b,06cc2462-430f-3322-9c87-7e971125f510,Kai187 Mann644,F,GENERAL PRACTICE,133 OLD ROAD TO 9 ACRE COR,WESTFORD,MA,018863198,42.5792583,-71.4378411,7,0
86c2effc-1ecb-3b16-b176-8bcbf7bf01ac,37cba62c-ea42-3930-a1e1-7a285ace4b8a,Nolan344 Flatley871,M,GENERAL PRACTICE,58 PRINCETON RD,MALDEN,MA,021484411,42.4367715,-71.05428049538298,22,0
267f6430-42f1-3057-bdcd-32023209bafa,ee7fab6f-6438-394f-b1f2-3e452f8f055a,Domonique463 Satterfield305,F,GENERAL PRACTICE,75 BRIMBAL AVENUE,BEVERLY,MA,019156009,42.570099299999995,-70.87108224250409,23,0
e5126ce5-dc18-3d5d-b1a0-8195e541f6b2,79508e39-d0b0-3613-9d54-168f6e1c3a18,Lynwood354 Tromp100,M,GENERAL PRACTICE,200 GROTON ROAD,GROTON,MA,014502056,42.577352149999996,-71.57414587343038,45,0
0834e85a-7a80-3912-b2d3-f4b97a9cb9ce,af570aee-a397-372c-8eba-5c2b18662b0f,Tyron580 Runolfsdottir785,M,GENERAL PRACTICE,800 W CUMMINGS PARK STE 2250,WOBURN,MA,018016372,42.4961562,-71.1258904921298,61,0
99a8d26a-8b50-36c0-938f-e4e9bbf49ea5,1ce0d1a3-b507-3ad1-afc5-b25bfe48b8dc,Margarito178 Welch179,M,GENERAL PRACTICE,10 PEARL STREET,STOUGHTON,MA,020722364,42.125716800000006,-71.1025481568314,12,0
eceda3e0-1508-34d6-8849-dda1eea57db7,880fad59-9c38-3a21-a39f-ccc801502ab3,Maurice742 Pollich983,M,GENERAL PRACTICE,799 CONCORD AVENUE,CAMBRIDGE,MA,021381048,42.390849395521705,-71.1556550001627,18,0
f15f7ed7-b959-3f7d-87da-5567f1cf55bc,352f2e3b-0708-3eb4-9f7e-e73a685bf379,Gregg522 Willms744,M,GENERAL PRACTICE,157 UNION ST,SOUTHBOROUGH,MA,017721215,42.3056501,-71.5245087,157,0
f765d844-0dd9-3a8c-8ade-7f601de44cd0,e34d8448-8b98-3f91-9fe7-faeb8a78e1db,Jill895 Monahan736,F,GENERAL PRACTICE,NEW ENGLAND SINAI HOSPITAL,MILTON,MA,021862377,42.2501425,-71.065573,23,0
ea628a59-5f6b-3f92-9d86-815069360795,10ffe7b1-2f94-3f12-9288-679da05a1ec9,Odessa199 Hintz995,F,GENERAL PRACTICE,133 LITTLETON RD,WESTFORD,MA,01886,42.57056335,-71.41736646422413,28,0
2aa78434-1f5f-3e38-a606-1d70e2b2bfa0,e98ef46c-e94c-34bc-9cf5-134d8ddcbac5,Patsy569 Olson653,F,GENERAL PRACTICE,10 EMORY ST,ATTLEBORO,MA,027033002,41.9447388,-71.27972821642685,2,0
963329e2-e567-32a3-a042-db5a21220e03,fa34d205-5ac2-3ba2-80a4-bef345dc57f5,Shawnna218 Daniel959,F,GENERAL PRACTICE,37 BROADWAY,ARLINGTON,MA,024745552,42.408086,-71.135914,3,0
a0eb648d-8d52-3bde-8fd4-ee962084934e,d0894f6b-78d7-338d-82ad-b63de4d40014,Dewayne363 Lemke654,M,GENERAL PRACTICE,330 MOUNT AUBURN STREET,WALTHAM,MA,02452,42.3756401,-71.2358004,57,0
8bc18421-b248-3700-bce5-42be04ee3d23,3d5fbf38-c781-3e04-8c7e-5a402611b7d4,Enriqueta274 Barton704,F,GENERAL PRACTICE,260 ELM ST,SOMERVILLE,MA,021442951,42.3955992,-71.1227391,65,0
9b4c6178-5f05-3507-9f09-3b43ed0c39f9,d6b03647-983f-3162-af9e-b12aea026f13,Willetta882 MacGyver246,F,GENERAL PRACTICE,65 NEWBURYPORT TPKE,NEWBURY,MA,019501199,42.7891081,-70.87774011339009,49,0
3d6cb099-3085-32a3-9a35-05e359f5117e,f43f97f2-af04-3ed0-a42e-3681718cc9b2,Dorcas534 Quigley282,F,GENERAL PRACTICE,725 NORTH ST,PITTSFIELD,MA,012014109,42.4600752,-73.2492795834909,64,0
523fa8ae-632b-3931-8e93-84c959af63a8,2f67494e-f17e-3248-ba68-3ca42913cca1,Majorie11 Bergstrom287,F,GENERAL PRACTICE,184 MAIN STREET,FAIRHAVEN,MA,027193259,41.646106,-70.90865208079187,5,0
0f83ab22-a021-32a0-bf35-88c5092074d4,88975fd9-b47e-3af6-af78-c58e1ecf0d5e,Barry322 Feil794,M,GENERAL PRACTICE,115 W SILVER ST,WESTFIELD,MA,010853628,42.1178811,-72.75935246865802,30,0
55a8432e-79c0-35a0-a532-4c8db5439174,52efa2e5-007f-3396-a83a-28ca015f0595,Ranee391 Turner526,F,GENERAL PRACTICE,20 N PARK AVE STE 2200A,PLYMOUTH,MA,023604090,41.960434631488596,-70.67007876763536,12,0
e35a4463-e6db-3e5a-a63b-af3a2487ec40,19439108-9835-38fe-8ee2-1226a355cfba,Georgeann302 Kunze215,F,GENERAL PRACTICE,694 WORCESTER RD,WELLESLEY,MA,024822837,42.2964859,-71.2925571,1,0
a10490af-0727-3a2d-9cf1-703ca55e5c51,edd58f69-ad5f-346b-b1f9-530ccdc895f6,Shawn523 Padberg411,F,GENERAL PRACTICE,52 CARPENTER ST,ATTLEBORO,MA,027032472,41.9369576,-71.27996091755344,70,0
ceaa8a4b-4b7a-30d4-a960-e59e9111932f,94ac48ba-e215-3ab9-ba88-a0b926d29cef,Barton704 Hahn503,M,GENERAL PRACTICE,300 WINTHROP STREET,MEDFORD,MA,021552311,42.421527,-71.11834,16,0
7e7b7fa8-073e-3f01-862f-ec6daa7d1ac4,069b90f9-309b-35e4-b990-d1dbacb962cc,Marilu588 Castro740,F,GENERAL PRACTICE,36 LOWER WESTFIELD ROAD,HOLYOKE,MA,010402749,42.16975305,-72.63488031242107,7,0
85bd08ea-0d5a-3ded-aabf-45b6ea5024cf,e5ce3b83-f5e6-308d-aa64-82539fc2d906,Garret233 Dach178,M,GENERAL PRACTICE,1842 BEACON ST,BROOKLINE,MA,024451922,42.33728028715071,-71.14536064081996,1,0
33de4fee-21de-34ed-8456-3adcead0e827,936ceb96-2b12-371f-aa68-ee02a9c06f4c,Alan320 Keeling57,M,GENERAL PRACTICE,225 BOSTON ST,LYNN,MA,019043124,42.470497449999996,-70.96003668151566,156,0
e2f02bf0-65c1-39d0-a406-6f7b9263075c,2cea5ce8-beca-3593-ad2d-07b6f273a9d2,Franklyn361 Halvorson124,M,GENERAL PRACTICE,201 S MAIN ST,ATHOL,MA,013312131,42.5913877,-72.24248995154954,22,0
d9d799a3-bed6-3902-bc89-02434b38e963,48a6d3ab-50ef-349e-8945-2558a78f378e,Mercy752 Kuhlman484,F,GENERAL PRACTICE,795 MIDDLE ST,SWANSEA,MA,027774114,41.730919,-71.208117,317,0
cb2be019-3e03-3859-8744-0b79cf0161b4,cabc0f0d-dcca-34a2-bc6b-519ed1cc7f74,Ronald408 Huels583,M,GENERAL PRACTICE,191 MERRIMACK ST STE 712,HAVERHILL,MA,018306199,42.7742236,-71.08181133783422,35,0
0e4e0c6b-e917-3c7e-ad49-246d35e1420c,7b7ce654-a413-37d1-9d34-97240c0ac580,Landon622 Kihn564,M,GENERAL PRACTICE,1 WRENTHAM ST,BELLINGHAM,MA,020192532,42.025037350000005,-71.48945118224057,8,0
44f2c638-2061-3b46-9321-2f6e114a67b5,7b20d1c4-c56b-3647-801c-5e4e13679073,Mozell819 Prohaska837,F,GENERAL PRACTICE,275 SANDWICH ST,PLYMOUTH,MA,023602183,41.94186605,-70.6455366462985,298,0
9736b6b8-993f-3c37-9f52-14aad5d86faf,3e97ce4f-3ad7-3cea-883f-e2bb4ca89d83,Dan465 Swift555,F,GENERAL PRACTICE,30 NEW CROSSING RD,READING,MA,018673270,42.51809619399502,-71.0959083715027,17,0
58ec5b27-4904-3787-912e-7afdf0f10e3b,c60fc3df-9dbd-3f31-a456-41c84490266f,Booker670 Johnson679,M,GENERAL PRACTICE,146 MAC ARTHUR BOULEVARD,BOURNE,MA,025323902,41.7412166,-70.5989196,2,0
cc24b1e4-50b8-36de-87e6-7ec4f53cf8c5,46daa26f-fda5-38a9-9c45-fda430d28fa6,Trenton748 Bernier607,M,GENERAL PRACTICE,25 RAILROAD SQUARE  SUITE 501,HAVERHILL,MA,018325721,42.7736752,-71.08561759491305,7,0
946611a7-4361-3236-9ebf-582c6e172ee6,c0132cf6-1703-3aad-89b4-cc2f2bbc123e,Lovie151 Schoen8,F,GENERAL PRACTICE,66 NEWTON STREET,WALTHAM,MA,024536058,42.3746705,-71.22789736306842,6,0
9a277257-1ea4-3b9f-a2fd-18f1e23c7100,4f59f709-8b84-3d27-a04b-c6b7b5544413,Jamison785 Davis923,M,GENERAL PRACTICE,70 BOLTWOOD WALK,AMHERST,MA,010022271,42.3768779,-72.51840280783739,195,0
71262d94-89ce-33ea-b505-1b17a1f15868,c4e5b33c-17b8-3f51-a8ba-a327d54e642a,Alton320 Dibbert990,M,GENERAL PRACTICE,94 N ELM ST,WESTFIELD,MA,010852917,42.1322823,-72.7436679,34,0
0877d7f7-3244-3036-a9a3-d2cc02e1e248,c25911bc-3240-358a-86ce-5f45bb8f0c53,Rosario163 Mayorga262,F,GENERAL PRACTICE,325 WOOD RD,WELLESLEY HILLS,MA,024812188,42.3130588,-71.2738201,30,0
49ea00bf-5e14-3dd1-a8c1-6a8130cd4976,f4e522df-a006-344d-9574-15bc985f5bb4,Gustavo235 Tirado305,M,GENERAL PRACTICE,130 Marshall Road,Lowell,MA,01852,42.62101,-71.31481,875,0
9adb78bf-edf8-3d88-adc4-256a452b018c,552ede7f-2ba4-39ef-9217-29d27b89b8a7,Gordon377 Reichert620,M,GENERAL PRACTICE,87 SHATTUCK STREET,HAVERHILL,MA,018302319,42.796917699999995,-71.05216081525802,5,0
0aef53fd-efa1-398e-a8e0-b6e46d081766,a079d416-e8fe-3286-8ef3-6d289d7b5ad9,Winfred745 Collins926,M,GENERAL PRACTICE,233 Stevens St,Hyannis,MA,02601,41.651745,-70.294235,167,0
7119abc8-3a36-3918-9415-c3864197d2ad,79d49935-bcc0-36ca-920b-45365c367438,Sherita708 Hudson301,F,GENERAL PRACTICE,409 W BROADWAY,SOUTH BOSTON,MA,021272245,42.336831,-71.047958,49,0
ff5c937a-094d-3214-bb86-244df2f915c9,0f2c58ec-5323-3c0f-9bdf-af0df7eb2a2b,Mana631 Boehm581,F,GENERAL PRACTICE,130 DORCHESTER STREET,SOUTH BOSTON,MA,021272642,42.3334312,-71.0494949,5,0
e31dfaf1-8d2e-32ad-bcd0-305317560e6c,666c3e81-2ec6-3bff-9dcc-a704edd86960,Cassi819 McClure239,F,GENERAL PRACTICE,770 CONVERSE STREET,LONGMEADOW,MA,011061719,42.0639853,-72.5521444,2,0
55c39135-f39c-3fa6-be7b-beb1401dabb0,51370692-6296-3150-8672-559fc73f964f,Jeromy156 Okuneva707,M,GENERAL PRACTICE,75 FRANCIS ST,WEST BRIDGEWATER,MA,023791542,42.0219112,-71.019004,48,0
91f1ce5c-1e07-3d62-9905-70ca86b5b27b,cdc87240-38e9-36f8-959b-706642e01e11,Chun678 Armstrong51,F,GENERAL PRACTICE,243 CHARLES ST,STONEHAM,MA,021803559,42.4814675,-71.0924311,86,0
3a75eb62-3b75-3ae5-8afe-165adf9509ff,c6b019eb-28ec-36f6-abf3-bcc4d1d58966,Maren639 Aufderhar910,F,GENERAL PRACTICE,33 AVON ST,WAKEFIELD,MA,018802310,42.50403445,-71.07462951514611,26,0
23986e97-413a-3c73-93ca-57ce2c459f6f,b5b380d2-df21-3389-abf0-08551c7e1f2d,Madeline975 Friesen796,F,GENERAL PRACTICE,85 PATTON RD,DEVENS,MA,014344401,42.5304204,-71.61505519305638,66,0
f17a7891-2358-394b-afce-a1b473b56f0b,31e00f85-6909-3d9f-afc6-5ae507ab0c06,Kyle55 Collier206,M,GENERAL PRACTICE,382 GROVE STREET,BRAINTREE,MA,021847324,42.189369400000004,-70.98451984814267,45,0
e5b54cc9-605a-3690-85f7-3f7a5b2ce6e2,b3312a2d-37e9-35a8-b50d-6c165c437baa,Lorretta561 Reinger292,F,GENERAL PRACTICE,45 DIMOCK ST,ROXBURY,MA,021191029,42.32030665,-71.09721114916246,11,0
80d56020-40bc-3ca3-9b6d-63ea6df769af,6afea80b-1e56-3487-a326-f4a979f92c28,Rueben647 Tillman293,M,GENERAL PRACTICE,34 BATES RD,MASHPEE,MA,026493280,41.61929295,-70.49056908851608,30,0
513f2798-ca6f-3d75-a178-d05a46912463,2836d9ac-c6a6-39d1-8f13-fdf0fc8928f4,Carlton317 Koch169,M,GENERAL PRACTICE,365 EAST ST,TEWKSBURY,MA,018761950,42.6069472,-71.2180803,352,0
9c7cf004-0f4f-313f-87d3-1401fdf003d7,a2f8d8fe-665e-390f-8b9b-efdc0b14a77c,Armand155 Towne435,M,GENERAL PRACTICE,161 JACKSON ST,LOWELL,MA,018522103,42.6425382,-71.3093946,53,0
934018e7-71c7-3dfd-89f7-f44e57e156e4,7dddc0c2-9f1d-3e4e-b2f2-fc7e6abbed31,Bryan958 Gibson10,M,GENERAL PRACTICE,160 MERRIMACK STREET  SUITE 1,METHUEN,MA,018446117,42.7334079,-71.13599310716302,2,0
75c15fe9-0f2f-3d9a-81f1-431cff38b5cc,82c72223-f521-3a34-9b9b-4ff366365399,Shon148 Reinger292,M,GENERAL PRACTICE,2100 DORCHESTER AVENUE,QUINCY,MA,021691870,42.2509914,-71.0037374,259,0
ed4b5ef6-b0f0-3f58-831a-6e7e0ef19947,04b252db-4231-3cb5-963d-6f096fb4b97c,Lorie307 Grady603,F,GENERAL PRACTICE,1177 PROVIDENCE HIGHWAY,NORWOOD,MA,020625019,42.194543,-71.1994976,14,0
08ee034f-7e0a-3a0f-81a4-e0582a12b1c1,83579123-f29c-39b8-9f5f-8f79e91683c7,Reggie481 Kassulke119,M,GENERAL PRACTICE,100 CENTURY DR,WORCESTER,MA,016061244,42.3138278,-71.7707002,30,0
9cde13fc-82fd-3248-8d15-12f1bf48d418,94f6a3ae-7d8d-3cbc-a788-e400732da7e5,Ammie189 Kuvalis369,F,GENERAL PRACTICE,450 WEST RIVER ST,ORANGE,MA,013649603,42.5928702,-72.32953998953418,7,0
d725286e-1987-359d-a2b5-26cfc8b37822,e2eab39c-5195-34aa-b35f-e89e37cfed01,January966 Roberts511,F,GENERAL PRACTICE,55 FOGG ROAD,WEYMOUTH,MA,021893141,42.175539799999996,-70.9539153674405,274,0
7a74f380-371f-331d-9719-21ff478cb859,4fa8411f-42f8-3353-8947-bf15254c9dee,Jess275 Gutmann970,M,GENERAL PRACTICE,90 GREENWOOD STREET,WAKEFIELD,MA,018804039,42.476321150000004,-71.06922169005762,15,0
f36dd21c-f2dd-3ebb-9a3d-d2f881f296ae,22b57e3f-4143-33e6-abb9-e6ff074f1c46,Jeraldine574 Hintz995,F,GENERAL PRACTICE,750 WOBURN STREET,WILMINGTON,MA,018873480,42.5346051,-71.14953004087923,1,0
e17c58ee-31ce-3476-b33e-b99bb8ac3c8f,1de7e7d9-9a7a-3a3f-bf4c-b4de450711f2,Clelia416 Morissette863,F,GENERAL PRACTICE,198 LITTLETON RD,WESTFORD,MA,018863429,42.564282,-71.42620615382347,604,0
08e459c6-5cd4-3ce2-8a0e-7d78d4e72450,940d491c-ad61-3bd3-9054-d6d884280934,Petrina721 Huels583,F,GENERAL PRACTICE,321 CENTRE STREET,DORCHESTER,MA,021221112,42.29394375,-71.06005213312326,3,0
c35660e5-8bd7-376a-9d52-6cb6a01f6d9c,497f39dd-280e-3d58-af5b-c5e3a3a09b10,José Emilio366 Botello137,M,GENERAL PRACTICE,27 PARK ST,HYANNIS,MA,026015230,41.65363635,-70.27352219234834,194,0
67249d24-a2f3-36ad-9122-56cbcb9a0056,f2a6c4f7-f5b2-361a-95c4-3d635b352a46,Dusty207 Lynch190,F,GENERAL PRACTICE,546 SOUTH STREET EAST,RAYNHAM,MA,027671079,41.8984957,-71.03751432894776,27,0
a5478880-40eb-386e-af35-b833eccf84c8,accb8cdd-6560-3fef-b0a6-f12c3295026a,Gerardo48 Bergstrom287,M,GENERAL PRACTICE,969 PARK STREET,ATTLEBORO,MA,027035115,41.9266899,-71.2611303145582,45,0
c936c8d1-142d-3426-9ba5-a8070a74c947,792f1ce2-3420-3f91-bd8c-ce680ef4c5d2,Sunshine777 Leannon79,F,GENERAL PRACTICE,309 DRIFTWAY,SCITUATE,MA,020661905,42.1766448,-70.74318482072749,1,0
8f983b83-10c5-3924-a4d5-513443acb0fb,18a96051-91f4-3cba-af96-056ea14dfee0,Gaston250 Grimes165,M,GENERAL PRACTICE,25 HIGHLAND AVENUE,NEWBURYPORT,MA,019503872,42.81369325,-70.89091645747592,231,0
b11269e6-712d-391a-be81-03e57cb6d8df,41e2a44c-477c-3511-96f9-12c476aa3b6a,Antwan357 Lindgren255,M,GENERAL PRACTICE,85 E NEWTON ST,BOSTON,MA,021183553,42.336277100000004,-71.07085295687423,137,0
73b51dce-b8ab-3a4e-a32d-d01dc9e3e40f,5b0cd0a0-f277-3a66-bee6-d64b5be4a3f5,Maryann106 Hintz995,F,GENERAL PRACTICE,725 NORTH ST,PITTSFIELD,MA,012015493,42.4600752,-73.2492795834909,11,0
46f233b0-af70-3e81-ace3-d9805aaf7b44,c8c30d67-e7cc-30ab-972d-28e97aff18a7,Donya787 Emmerich580,F,GENERAL PRACTICE,100A WARREN ST,BOSTON,MA,021242012,42.3279429,-71.0831806,27,0
8a5d03bc-ed52-3929-9b81-4b9976790e63,4956f573-3dc2-3a67-9692-2f57451744e6,Kathe603 Davis923,F,GENERAL PRACTICE,400 BOLTON STREET,MARLBOROUGH,MA,017523912,42.35966285,-71.55290125539051,15,0
24a25216-1bba-3d1e-b4cf-5173be8d76e6,69195f53-626c-3031-b4de-d0b206f75d8c,Ronni748 Wiegand701,F,GENERAL PRACTICE,174 FOREST HILLS ST,BOSTON,MA,021303353,42.306401050000005,-71.10237442688054,1,0
8317905a-336d-35f9-ade0-9d57b386fbe7,b44955d1-f0e2-3beb-a013-708a81dbe430,Ernest565 Runte676,M,GENERAL PRACTICE,680 CENTRE ST,WEST BRIDGEWATER,MA,023791600,42.0219112,-71.019004,26,0
9c13b5ba-b3bd-3589-86e0-f275e7d24f93,363631be-d437-3548-98c2-d10b909c1721,Elaina826 Ferry570,F,GENERAL PRACTICE,50 MANSION DRIVE,ROWLEY,MA,019691026,42.73718535100735,-70.88053187301136,15,0
75ea5024-9532-3c7a-aee9-3cdcb9e45dad,c1986c0c-f756-3596-8f90-08adacf220fe,Dong972 Auer97,M,GENERAL PRACTICE,73 CHESTNUT STREET,SAUGUS,MA,019061605,42.4573919,-70.9918055,16,0
e6a04323-25f0-3060-97d6-b329531292cd,18b1bb7e-2f93-3253-a7ae-d19c13ffeaa1,Derick144 Bashirian201,M,GENERAL PRACTICE,29 E 29TH ST,WEST NEWBURY,MA,019854201,42.8014795,-70.989778,32,0
550540de-9c9e-3cfd-a5a2-9f3dbd6675dc,67d2f85b-ddc7-3ed0-b90b-6fa5b7b8358a,Marshall526 Jenkins714,M,GENERAL PRACTICE,43 FOUNDRY AVE,WALTHAM,MA,024538313,42.37050535,-71.21908334877376,45,0
80934bbd-79f2-3c05-8c17-1b31d0926139,78eb7e47-26d6-37d4-8e01-5eabfc9d068f,Francisco472 Hagenes547,M,GENERAL PRACTICE,78 BRICKYARD RD,ATHOL,MA,01331,42.58312735,-72.2583516123911,42,0
7d50c77d-a3cd-3fe3-8666-b9f60ab4118a,1853aeef-5897-326a-80d6-aa4b0459eb6d,Kendra609 Kassulke119,F,GENERAL PRACTICE,381 WICKENDEN ST,ATTLEBORO,MA,027032247,41.9438129,-71.2806515,70,0
95468d4c-01cb-3e41-800f-90bb7c24f588,94dda4e1-7476-367a-b1f8-37ea7f61a1b7,Dylan44 Robel940,M,GENERAL PRACTICE,145 WARD HILL AVENUE,WESTBOROUGH,MA,015811017,42.2694308,-71.6129907,13,0
01504fb6-6259-3bc5-869a-881784629c7b,22fa6d28-92b6-3446-a388-f5aba50debaf,Clarence5 Robel940,F,GENERAL PRACTICE,123 CAPTAIN'S ROW,CHELSEA,MA,021504019,42.3917638,-71.0328284,4,0
d76dd265-9503-34eb-be83-02f7cfb3470e,8a87ef73-eaa2-340a-bec5-c3cef01ef836,Raymond398 Rodriguez71,M,GENERAL PRACTICE,3 PARK DR,WESTFORD,MA,018863511,42.556814700000004,-71.43463308318695,2,0
1b0e4327-7090-3348-bca0-1c15ca1d15a7,2ca615f3-87f7-3283-a447-d919a883b676,Elizbeth263 Dickinson688,F,GENERAL PRACTICE,1399 WASHINGTON ST,HANOVER,MA,023391653,42.1441354,-70.8440854,5,0
045f0829-8312-3860-a9c2-2043a6b3bbb6,c0a33465-d309-3d2a-932e-9d554a7cc19c,Nathanael908 Rogahn59,M,GENERAL PRACTICE,100 CENTURY DR,WORCESTER,MA,016061244,42.3138278,-71.7707002,131,0
83279bd3-6823-3de6-b972-4fa1f93ee7ec,7f32dd7d-5c35-3ddb-839b-8fbbb930d412,Luna60 Littel644,F,GENERAL PRACTICE,863 CENTRAL STREET,FRAMINGHAM,MA,017014813,42.30758060362541,-71.42846215724606,14,0
109c2b15-c8ce-3ba0-9057-2d5e1ee36341,6e517750-a29e-3170-a02b-5733ff523458,Margarita164 Abbott774,F,GENERAL PRACTICE,101 BARRY RD,WORCESTER,MA,016091275,42.3030701,-71.8333408960994,30,0
c55fac55-163e-305e-ad2a-6dacb22eb76d,3f12ebb4-e03c-3453-88d2-4fc9682383df,Erwin847 Stiedemann542,M,GENERAL PRACTICE,726 COUNTY ST,NORTH DARTMOUTH,MA,027473603,41.6389926,-70.9703171,68,0
9225e1f8-621e-3883-b8ed-dce97ddd601c,8ec2ca51-abb4-35dd-b90f-6c6aad6d2124,Elisha578 Conn188,M,GENERAL PRACTICE,22 JOHNSON STREET,PEABODY,MA,019602311,42.54644385,-70.99288129112277,8,0
b3104180-d2d9-3460-afcf-090c8ac4fa9d,9fdce5d5-d4d0-3156-a8d5-8757bfe4e9b3,Pamelia915 Kilback373,F,GENERAL PRACTICE,1 FARMER CIR,ARLINGTON,MA,024742866,42.42405225,-71.16792616556859,41,0
feb966bd-bfe2-38ba-af15-4cce6f42d2fb,b014aec7-7bd8-351f-8808-3e280cbc5be6,Sergio619 Volkman526,M,GENERAL PRACTICE,70 EAST ST,HAVERHILL,MA,018306700,42.7777829,-71.0767724,147,0
114117fd-6eac-319c-af51-accb9764f444,125eccb3-d003-34ea-9bd8-360dff059782,Rolande819 Gerlach374,F,GENERAL PRACTICE,125 PARKER HILL AVENUE,DEDHAM,MA,020266146,42.2489143,-71.1755732,44,0
2191a553-d6ed-3b03-a93c-f7128af2d452,e5b9db6a-8dd8-3622-b9ce-3dc593e111d1,Carmelita854 Tromp100,F,GENERAL PRACTICE,1223 BEACON ST STE A,BROOKLINE,MA,024465332,42.3430087,-71.1170155,30,0
7905431a-e868-3a4a-b39d-e72e95a910ea,e92dad8b-f485-315a-8fc4-1d7adfdc9c00,Laurena366 Anderson154,F,GENERAL PRACTICE,581 FAUNCE CORNER RD,DARTMOUTH,MA,027471242,41.676111381167445,-70.98788528176077,73,0
01be595a-5afe-3e90-90be-2d1fb5a73151,aad05540-c9cb-3805-b3c4-f9b9d9b42b2e,Quentin28 Fritsch593,M,GENERAL PRACTICE,821 E MAIN ST STE 3,CHICOPEE,MA,010206306,42.155774795300516,-72.55672263289513,38,0
03b2faab-0b5f-3430-8595-0df95fdf6e3e,19a3afba-b409-3650-a0ab-f3faf6e391ef,Haywood675 Strosin214,M,GENERAL PRACTICE,199 REEDSDALE RD,WALTHAM,MA,024511433,42.3756401,-71.2358004,34,0
84e546a5-4340-3cd9-b9b5-6f0f4cfc93e6,76b7dbb5-0a02-32a4-9a01-3511f7e45016,Jerrold404 Satterfield305,M,GENERAL PRACTICE,59 COUNTRY WAY,SCITUATE,MA,020663746,42.1806871,-70.74862935148246,4,0
59761612-0f86-3147-a379-04ab6d26b971,d9b71ccf-6649-3555-9e99-44eac0af257f,Darlene91 Collier206,F,GENERAL PRACTICE,655 DEDHAM ST,WRENTHAM,MA,020931135,42.084901,-71.30689224201797,2,0
afed9f9f-da51-3361-80af-def52840bc43,e68de1a0-767e-3466-b9a6-43948ee073d3,Gene733 Ratke343,M,GENERAL PRACTICE,160 WELLS AVENUE,NEWTON,MA,024593302,42.29337605,-71.19806353028767,12,0
8a090e19-0bb2-30b5-8cfc-51db6d811cbb,f002fb4c-544a-3139-b3f1-439864d5474a,Merlin721 Cruickshank494,M,GENERAL PRACTICE,266 LINCOLN AVE,SAUGUS,MA,019063037,42.44952884999999,-70.99452689295308,1,0
36ae5b99-09ea-313e-810d-c9cecf39a4fe,d6c165ec-d9ca-35a5-9bc8-2061cbfb83a2,Stuart913 Lynch190,M,GENERAL PRACTICE,10 ADAMS ST,NORTH CHELMSFORD,MA,018631780,42.6389249,-71.3840196,87,0
268bd4b6-828a-35d7-ba97-c5ca8f95ce23,a8f1424c-00bc-3403-8db5-cd600978f3a4,Amos720 Bogan287,M,GENERAL PRACTICE,8 BURNHAM ST,TURNERS FALLS,MA,013761816,42.6042523,-72.5564777,36,0
cb49fd25-792b-3d73-b038-9f5b03e7f37b,a5577e5c-b886-37a0-8eee-8ff6feb7ea6b,Leopoldo762 Keebler762,M,GENERAL PRACTICE,330 MOUNT AUBURN ST,CAMBRIDGE,MA,021385502,42.3741033,-71.13417575971958,439,0
ea23f03d-13c8-3f47-adc5-d71aa20af556,7dcab1ad-0e13-3700-9eb0-70767c5e2b55,German382 Wilkinson796,M,GENERAL PRACTICE,1515 ALLEN ST,SPRINGFIELD,MA,011181803,42.095299499999996,-72.50943136142334,16,0
5e0ce986-9263-3f6f-85d0-262cf8e146ed,9b8a7a25-b923-3710-9f3c-d42919a3f54f,Heriberto162 Ondricka197,M,GENERAL PRACTICE,146 MAIN ST,MAYNARD,MA,017542651,42.4309786,-71.4552968,24,0
7b833d02-2961-3d0a-86c9-001543896fe9,35eba9db-902f-32e6-b302-0e5ef8fa5c68,Laverne101 Schumm995,F,GENERAL PRACTICE,66 BROAD ST,WESTFIELD,MA,010852927,42.1165587,-72.74727440058362,2,0
d9d46fa5-b899-3d56-af70-61941d102196,845fbd9b-2d1c-39a8-8261-28ae40e4fab2,Sam879 Rippin620,F,GENERAL PRACTICE,14 PROSPECT STREET,UPTON,MA,015681431,42.1700209025178,-71.59409308099494,181,0
fe00e6b0-00ec-3de3-b942-c4cefc892c34,bac9dc0c-cb0f-3fa6-aa12-819dd0fb922a,Nicholas495 Greenfelder433,M,GENERAL PRACTICE,1493 CAMBRIDGE ST,SOMERVILLE,MA,021452935,42.3875968,-71.0994968,153,0
ad0bd41a-e91f-35a9-aa54-3d9214e4342f,9ce6072b-d039-3cde-8eaf-950211b8ae88,Saul605 Ratke343,M,GENERAL PRACTICE,147 S MAIN ST,MIDDLETON,MA,019492446,42.585787222720036,-71.00861442427218,24,0
fef75763-726d-338c-ad06-1a1fc186daea,37e9314c-6d3f-3aae-8f0a-8139f6a3034c,Eugene421 Dooley940,M,GENERAL PRACTICE,130 Marshall Road,Lowell,MA,01852,42.62101,-71.31481,69,0
8dba7d1f-cabe-3cba-8c73-7d11eea973fd,af8566eb-8918-3ec7-ba44-92b6a2cf8097,Trevor374 Walker122,M,GENERAL PRACTICE,81 HIGHLAND AVE,SALEM,MA,019702714,42.5112107,-70.90516241826194,280,0
6a5e180a-53a6-3225-bdd7-d42287d086eb,ecd3b321-0a8a-3ce6-81f0-982dd77fce43,Hunter736 Lesch175,M,GENERAL PRACTICE,25 HIGHLAND AVE,NEWBURYPORT,MA,019503867,42.81369325,-70.89091645747592,211,0
eb9f697f-afea-31f2-b80e-ad4bff51ad01,eb2596c3-8814-3add-8516-474214bf5c62,Jaqueline846 Lemke654,F,GENERAL PRACTICE,250 W UNION ST,ASHLAND,MA,017211420,42.24214015,-71.48110671819278,2,0
7b8ceba6-021a-3e06-bcce-aaea859d6c20,058176fd-cbb0-328b-8411-c19f5045032d,Breana975 Sanford861,F,GENERAL PRACTICE,840 EMERSON GARDENS ROAD,LEXINGTON,MA,02420,42.43761961817366,-71.19888753880475,5,0
a51f7608-8cad-3d1e-9da9-09814f06e9a4,a036cdf2-bbc5-3ffd-987f-56e437fd8b74,Lashanda692 Gutmann970,F,GENERAL PRACTICE,265 N MAIN ST,SOUTH YARMOUTH,MA,026642083,41.680980000000005,-70.18292625685085,20,0
1749dc83-44d5-34fc-a1ab-4d5d9dfdd92a,4f5e8f16-a31b-3071-8556-d7188ede313d,Kala987 Wolf938,F,GENERAL PRACTICE,575 BEECH ST,HOLYOKE,MA,010402223,42.20105435,-72.628169560868,122,0
97ff3d8b-d244-344e-9bcd-1988c32cbe36,69cb2157-b620-3c51-9c94-f516462d2d55,Anh979 Schroeder447,F,GENERAL PRACTICE,11 WATER ST,ARLINGTON,MA,02476,42.41642055,-71.15424293038585,71,0
b1b59254-6fa8-3693-a682-146e171a5ad2,ae3eab22-8868-37bb-9a59-2b8bfe14bf34,Elise948 Smitham825,F,GENERAL PRACTICE,2033 MAIN STREET,ATHOL,MA,01331,42.58522105,-72.20868129339888,159,0
02a0824e-2f57-3e33-9125-2e1477863cd0,218e58e4-9642-3ebd-9b39-34d15f22c620,Jamie386 Lowe577,M,GENERAL PRACTICE,977 MAIN ST,WALTHAM,MA,024517406,42.376452150000006,-71.25063779999999,66,0
e74cf873-53cb-33b3-858d-ab3d3599a61e,9a20d707-68e4-32c0-b2b2-2f5d5c2012cd,Lorinda137 Pouros728,F,GENERAL PRACTICE,131 CAMBRIDGE ST STE 1,BURLINGTON,MA,018033711,42.50284395,-71.19574553661971,107,0
c6c3a525-b999-34eb-9a46-61c05101024d,41f66e18-8eb7-32f2-9371-7df5bf2b8d21,Lourdes258 Ozuna605,F,GENERAL PRACTICE,170 UNIVERSITY DRIVE,GREENFIELD,MA,013011238,42.6097476,-72.5979752,3,0
b147380a-d44a-3830-87cc-3b9b12f3e641,a25107f7-f4f5-36fc-98e4-f3e1b5875c91,Yesenia104 Wilderman619,F,GENERAL PRACTICE,1285 BEACON ST,WOBURN,MA,018012157,42.4979478,-71.1684508,101,0
0fb60ad6-4d59-3ced-b6e5-0dc3ffeead52,0e6c3ad1-24c1-34cb-bb6d-e8438fa319e2,Eufemia350 Casper496,F,GENERAL PRACTICE,50 DODGE ST,SWAMPSCOTT,MA,019071300,42.4699241,-70.9171507,4,0
d9125032-af37-303d-aa22-48ccd26c1223,3695125c-c052-3ece-898a-2a6448987ae5,Cristian531 Granados71,M,GENERAL PRACTICE,2040 BOSTON RD STE 5,WILBRAHAM,MA,010951380,42.150295650000004,-72.47288272264812,1,0
d389c248-8af6-3633-8999-d248df8aa325,05fcf001-ab24-3d7d-85f7-f64942d82738,Leonarda398 Schumm995,F,GENERAL PRACTICE,250 POND STREET,FRAMINGHAM,MA,017014592,42.2838619,-71.4093719,412,0
7376f3f9-34a7-3d80-b025-03ff1687fc27,7e6db51f-7c1b-3555-9e1c-6269ba6d704d,Drew592 Streich926,M,GENERAL PRACTICE,120 STAFFORD STREET SUITE 206,WORCESTER,MA,016031461,42.239638,-71.8443785891577,8,0
94bdd88c-846a-3ce5-8422-43181591b077,83769f98-fff3-3535-8781-6ace5957136f,Harland508 Breitenberg711,M,GENERAL PRACTICE,115 NORTH AVENUE,ROCKLAND,MA,023702129,42.13496385,-70.92237824494691,15,0
bf886288-06be-3af7-91aa-3e732a791e0a,b7f2e542-f3b6-3f5e-9aed-511ff6f0ee56,Karry11 Tillman293,F,GENERAL PRACTICE,37 BROADWAY STE 2,ARLINGTON,MA,024745552,42.408086,-71.135914,24,0
ae8c88ae-968e-3d1e-909c-259c614cb926,0e3a24c3-b772-3059-b3fd-8a4710068a82,Malka46 Gerhold939,F,GENERAL PRACTICE,416 BROADWAY,RAYNHAM,MA,027671737,41.940680799999996,-71.07864352196617,57,0
441ba4e6-8d86-3278-8846-47b1de7c8483,e5d50afe-8c7d-35f5-96f5-fb8941403b0f,Justin359 Hayes766,M,GENERAL PRACTICE,125 S CLARK ST STE 900,FALL RIVER,MA,02722,41.74223,-71.129706,142,0
4bec78dd-1e27-30dc-9d94-82edebbaddce,9adfae03-673d-365d-9052-f705098fa3e4,Daniel959 Wolff180,M,GENERAL PRACTICE,51 BLOSSOM ST,BOSTON,MA,021142699,42.36305545,-71.06643399281765,76,0
390e1fe4-9800-3201-999f-b048f2e6fd58,46912be1-43b9-3c0c-9fbd-3d123f2eacc6,Vernita491 Kutch271,F,GENERAL PRACTICE,821 DANIEL SHAYS HWY,ATHOL,MA,013316903,42.572540548950265,-72.2674105528448,1,0
2d89ade2-0fd5-356d-80cf-c6804ef5d23c,25431f9a-00e4-36d8-9810-4125328eec50,Kati243 Ruecker817,F,GENERAL PRACTICE,55 FRUIT ST,WALTHAM,MA,02451,42.3756401,-71.2358004,793,0
84b612b5-ff17-3ea8-a0ac-fe83ef2c019d,89171335-b9c0-3326-98d6-a837d432b9fd,Louis204 Hauck852,M,GENERAL PRACTICE,150 FLANDERS ROAD,LYNN,MA,019042915,42.466763,-70.9494939,426,0
a4dd1669-f6d7-3fcc-ae95-5cd3e2da21de,01bde980-bf89-3138-8912-7360dff33247,Caroline183 Lang846,F,GENERAL PRACTICE,456 PARK AVE,WORCESTER,MA,016101254,42.25512735,-71.82580924803523,3,0
2d149245-9698-39fd-84fc-2a1b1252c33e,217cb6f6-e822-3831-9d9d-ffa104971042,Luther918 Jakubowski832,M,GENERAL PRACTICE,2 REHABILITATION WAY,WOBURN,MA,018016003,42.46352265,-71.161925472006,400,0
748c2cb1-2bce-3244-8e72-9046c4bb3b59,8a6e21d0-da20-3378-8176-4e5ad2b51983,Wes853 Torphy630,M,GENERAL PRACTICE,84 ELM STREET,HOLLISTON,MA,017462138,42.20234485,-71.42493275079366,19,0
c5d4655c-0ad6-3dcd-9661-a2aca7c1f43b,4e56c7ec-99e5-3023-8e4f-95ad18a03f06,Regenia619 Bosco882,F,GENERAL PRACTICE,28 RIVERSIDE DR STE 101,PEMBROKE,MA,023594947,42.11004715,-70.77534154695786,40,0
03da1b44-8642-342e-8ed5-3e86177faaea,e2a8b444-9b8f-36ff-84c4-05ee98589482,Francisco472 Gusikowski974,F,GENERAL PRACTICE,8 SHIPWAY PL # C-8,CHARLESTOWN,MA,021294301,42.3778749,-71.0619957,23,0
b1542e72-6f33-3b62-928a-19501eeff24b,3517aff1-b163-3cd5-8fff-19710fcdc1b7,Ladawn167 Cremin516,F,GENERAL PRACTICE,400 HEMENWAY STREET,MARLBOROUGH,MA,017526762,42.36006255767826,-71.5077613040944,2,0
72f862e0-07f9-3611-b0ea-74243a452a0a,121b0ad1-1beb-3caa-9271-3d3f726bb727,Kyoko885 Price929,F,GENERAL PRACTICE,1030 MAIN STREET,WALTHAM,MA,024517447,42.375828,-71.2527956,37,0
90313081-14e9-3f46-bcf0-d02a6d60e312,43f37d29-0bcb-3d84-b9c0-9ee4f2485ff2,Maria750 Romaguera67,F,GENERAL PRACTICE,168 WALTON RD UNIT 19,ROWLEY,MA,019692014,42.7136977,-70.8818364,60,0
6c1c4309-3b9d-3f18-a0bc-52ce6046b7ee,0a2252ba-33de-322f-8f0a-e5b0141f1780,Lincoln623 Block661,M,GENERAL PRACTICE,632 BLUE  HILL AVENUE,DORCHESTER,MA,021213213,42.2941088,-71.0885355,38,0
19306826-6846-3fc8-9f13-b566124ab9d9,e1892a2c-6dca-3c4c-93b7-0e00a9eb8b61,Maragaret140 Erdman779,F,GENERAL PRACTICE,20 EAST ST,HANOVER,MA,023391638,42.1278249,-70.82664947485381,23,0
ce32b2fa-9443-33cc-bfa3-641a12160570,95f6c328-96dd-3fb8-a56e-9aad566094b4,Burton124 Schoen8,M,GENERAL PRACTICE,4 STONY HILL ROAD,WILBRAHAM,MA,010951027,42.1552861,-72.48384800788648,17,0
e24fbf82-3b61-3305-b85a-e0648daf5d82,19f958ef-57cf-33c1-b068-14b32a980813,Aura483 Bruen238,F,GENERAL PRACTICE,155 BROADWAY RD,DRACUT,MA,018262754,42.67578279999999,-71.29320171860073,58,0
63b773f3-1e16-38b5-9cfa-7dbf99ddfc77,1676f96e-65fc-350d-918b-453697bf07ff,Karisa693 D'Amore443,F,GENERAL PRACTICE,120 LONGWATER DRIVE,NORWELL,MA,020611653,42.15682485,-70.8792143504961,2,0
99d7842b-7a75-3b23-9afe-22589e905804,6d16a8e3-3569-38ab-afac-a2f8c1125085,Lynn917 Crona259,M,GENERAL PRACTICE,1010 WALTHAM STREET,LEXINGTON,MA,024218052,42.4139392,-71.22929265883278,9,0
7dab8d0b-3aa7-3ef8-9c8e-aaf58aaadd1b,ebdc1c70-475d-3e06-9d1c-7b6a007ae9a6,Janine159 Gulgowski816,F,GENERAL PRACTICE,61 LINCOLN ST,FRAMINGHAM,MA,017028264,42.2834291,-71.4175609,52,0
7de0a2ae-3d63-39be-a1f5-e061e354e730,91808f17-7583-32a3-aa55-23b131b327c7,Leonie332 Wunsch504,F,GENERAL PRACTICE,200 CORDWAINER DR,NORWELL,MA,020611671,42.16352995,-70.8846291501739,67,0
0cbdd1c8-3d05-3e39-a630-e3a6942d9a5c,53f086de-2fc7-3d35-92c2-aca4ed944e7f,Chang901 Kutch271,M,GENERAL PRACTICE,1 GENERAL ST,LAWRENCE,MA,018412961,42.7097143,-71.15007700778098,111,0
217b33e7-c8bd-3226-be8f-76cc9f7ccf59,20f63278-6709-3195-b767-782d2a10bd5c,Jamie386 Krajcik437,M,GENERAL PRACTICE,640 CONCORD AVENUE,CAMBRIDGE,MA,021381116,42.389222000000004,-71.14799280677965,17,0
0349d76d-d1a7-3468-9aa8-137ecb9cde56,c05d73d0-b348-32ce-9fe5-13a720950f37,Rema399 McDermott739,F,GENERAL PRACTICE,45 DRUM HILL RD,CHELMSFORD,MA,018241503,42.6255635,-71.3615131,66,0
2548541a-e30c-365b-97dc-ad88e57b51ff,ac0fde88-b0ad-3388-a4a8-b8fc2a4f4af2,Bobbye345 Wuckert783,F,GENERAL PRACTICE,150 YORK STREET,STOUGHTON,MA,020729105,42.144646800000004,-71.09875876961266,232,0
4fb228f7-6909-3e15-860c-e2c5ef5f3c58,d70d47dc-b40c-3a04-8342-35cbfe716409,Marcelino726 Hilpert278,M,GENERAL PRACTICE,83 LITTLEFIELD RD,NEWTON,MA,024593010,42.3104327,-71.18883283411856,80,0
f835a693-c23b-3ae0-9eb0-1b2d17f988cc,0592d4e5-a0fb-3143-83cd-8e5a6b066a96,Ana Luisa894 Gallardo890,F,GENERAL PRACTICE,20 EAST ST,HANOVER,MA,023391638,42.1278249,-70.82664947485381,34,0
621453b8-477e-3cc8-8c0b-336a836f4938,c67ca7ed-4769-3b6c-a0a9-993f1227ff10,Allen322 Veum823,M,GENERAL PRACTICE,1 BLACKBURN DR,GLOUCESTER,MA,019302237,42.6269312,-70.65555242413386,83,0
b1fdcff4-1431-310b-84f6-be35f8aadc16,612fb151-095d-3d11-942b-5907216f4dbb,Chere867 Crona259,F,GENERAL PRACTICE,34 HAVERHILL ST,LAWRENCE,MA,018412884,42.71186535,-71.15197382279813,50,0
34cc41df-44cc-3d42-90e3-e5eb9521c398,7b5bf0fc-c5c0-3f22-980b-fdfff326a9b4,Tabitha433 Kling921,F,GENERAL PRACTICE,40 CUMBERLAND AVE,NORTH ATTLEBORO,MA,027604445,41.9316677,-71.35407469790115,3,0
b94bbd72-d982-350e-a681-b83a5675af9d,14036728-b721-3e4b-8755-8ee8ab6ed15e,Rocky100 Schmeler639,M,GENERAL PRACTICE,625 MOUNT AUBURN ST,CAMBRIDGE,MA,021384518,42.375351,-71.1468628,53,0
